search_title,title,company,location
data+analyst,Data Analyst I,Acorns,United States
data+analyst,Data Analyst,LF Driscoll,"Bala-Cynwyd, PA"
data+analyst,Data Analyst (SQL),New York Technology Partners,Los Angeles Metropolitan Area
data+analyst,Data Analyst,FanDuel,"New York, NY"
data+analyst,Data Analyst,Agility Partners,"Columbus, Ohio Metropolitan Area"
data+analyst,Data Analyst,Emonics LLC,"Seattle, WA"
data+analyst,Data Analyst,Emonics LLC,"Washington, DC"
data+analyst,Data Analyst,New York Technology Partners,"El Segundo, CA"
data+analyst,Data Analyst,The Barcode Group,"Minneapolis, MN"
data+analyst,Data Quality Analyst,Netflix,"Los Angeles, CA"
data+analyst,"Data Analyst, Production Finance Operations & Innovation",Netflix,"Los Angeles, CA"
data+analyst,"Data Analyst, Lending",Chime,"San Francisco, CA"
data+analyst,Data Analyst I,Sierra Nevada Brewing Co.,United States
data+analyst,Data Analyst - On-site,Intertek,"Kentwood, MI"
data+analyst,Data Analyst,Teleion,Greater Seattle Area
data+analyst,Data Analyst,FanDuel,"Jersey City, NJ"
data+analyst,Data Analyst,JE Dunn Construction,"Kansas City, MO"
data+analyst,Data Analyst (Junior),Amivero,"Washington, DC"
data+analyst,Data Analyst-No Remote,Jobot,"Los Angeles, CA"
data+analyst,Data Analyst,Webologix Ltd/ INC,United States
data+analyst,"Data Analyst II, Legal",ONE Gas,"Tulsa, OK"
data+analyst,Data Analyst,Realtor.com,"Austin, TX"
data+analyst,Data Analyst,Jiffy.com,"San Francisco, CA"
data+analyst,Associate Data Analyst,LatentView Analytics,"San Jose, CA"
data+analyst,BI Data Analyst,Joint Commission,"Oak Brook, IL"
data+analyst,"Analyst, Data Science",Toyota North America,"Plano, TX"
data+analyst,Data Analyst,Entrega,"Troy, MI"
data+analyst,Data Analyst,ExxonMobil,"Houston, TX"
data+analyst,Senior Data Analyst,CTC,"Dallas, TX"
data+analyst,Forecasting Analyst,King's Hawaiian,"Georgia, United States"
data+analyst,Data Analyst,Insight Global,"Downers Grove, IL"
data+analyst,Data Analyst,Zynga,"Austin, TX"
data+analyst,Junior Data Analyst,Brooksource,"Columbus, Ohio Metropolitan Area"
data+analyst,Data Analyst I,Honeywell,"Phoenix, AZ"
data+analyst,Staff Data Analyst,Qualcomm,"Austin, TX"
data+analyst,Data Analyst,iStaff,"Tallassee, AL"
data+analyst,"Data Analyst, Growth - San Francisco",Plaud,"San Francisco, CA"
data+analyst,Data Analyst,Infinite Computer Solutions,"Colorado, United States"
data+analyst,Data Analyst,Vevo,"New York, NY"
data+analyst,Data Analyst Intern,ALO,"Beverly Hills, CA"
data+analyst,Data Analyst,Brooksource,"Atlanta, GA"
data+analyst,Data Analyst,Jiffy.com,"Irvine, CA"
data+analyst,Data Annotator,Mercor,United States
data+analyst,Data Analyst,Konrad,"New York, United States"
data+analyst,Data Visualization Analyst,OpenAI,"San Francisco, CA"
data+analyst,Data Analyst,Jiffy.com,"Dallas, TX"
data+analyst,Business Data Analyst,City of Indianapolis,"Indianapolis, IN"
data+analyst,"Data Analyst, Customer Experience Analytics",Uber,"New York, NY"
data+analyst,Data Analyst,OncoHealth,United States
data+analyst,Data Analyst Intern,Family Tree Farms,"Reedley, CA"
data+analyst,Data Analyst,Jiffy.com,"Miami, FL"
data+analyst,Data Analyst,Pentangle Tech Services | P5 Group,"Miami, FL"
data+analyst,Data Analyst Intern,ALO,"Beverly Hills, CA"
data+analyst,Data Analyst,Pentangle Tech Services | P5 Group,"Tampa, FL"
data+analyst,Data Analyst II,Microsoft,"Redmond, WA"
data+analyst,Data Analyst,InterEx Group,United States
data+analyst,Data Analyst,WorkGenius Group,"San Mateo, CA"
data+analyst,Data Analyst,Stifel Financial Corp.,"St Louis, MO"
data+analyst,Data Analyst (Oracle PL/SQL),Fullsteam,United States
data+analyst,DATA ANALYST I,Sierra Nevada Brewing Co.,Greater Chico Area
data+analyst,Data Analyst I,Acorns,United States
data+analyst,Data Analyst,LF Driscoll,"Bala-Cynwyd, PA"
data+analyst,Data Analyst,Stifel Financial Corp.,"St Louis, MO"
data+analyst,Data Analyst (SQL),New York Technology Partners,Los Angeles Metropolitan Area
data+analyst,Data Analyst,FanDuel,"New York, NY"
data+analyst,Data Analyst (Excel),Tential Solutions,"Burbank, CA"
data+analyst,Data Analyst,Agility Partners,"Columbus, Ohio Metropolitan Area"
data+analyst,Data Analyst,Emonics LLC,"Seattle, WA"
data+analyst,Data Analyst,Emonics LLC,"Washington, DC"
data+analyst,Data Analyst,New York Technology Partners,"El Segundo, CA"
data+analyst,Data Analyst,The Barcode Group,"Minneapolis, MN"
data+analyst,Data Quality Analyst,Netflix,"Los Angeles, CA"
data+analyst,"Data Analyst, Production Finance Operations & Innovation",Netflix,"Los Angeles, CA"
data+analyst,"Data Analyst, Lending",Chime,"San Francisco, CA"
data+analyst,Data Analyst I,Sierra Nevada Brewing Co.,United States
data+analyst,Data Analyst - On-site,Intertek,"Kentwood, MI"
data+analyst,Data Analyst,Teleion,Greater Seattle Area
data+analyst,Data Analyst,JE Dunn Construction,"Kansas City, MO"
data+analyst,Data Analyst (Junior),Amivero,"Washington, DC"
data+analyst,Data Analyst-No Remote,Jobot,"Los Angeles, CA"
data+analyst,Data Analyst,Webologix Ltd/ INC,United States
data+analyst,"Data Analyst II, Legal",ONE Gas,"Tulsa, OK"
data+analyst,Data Analyst,Realtor.com,"Austin, TX"
data+analyst,Data Analyst,Jiffy.com,"San Francisco, CA"
data+analyst,Associate Data Analyst,LatentView Analytics,"San Jose, CA"
data+analyst,Data Analyst,NYU Langone Health,"New York, NY"
data+analyst,BI Data Analyst,Joint Commission,"Oak Brook, IL"
data+analyst,"Analyst, Data Science",Toyota North America,"Plano, TX"
data+analyst,Data Analyst,ExxonMobil,"Houston, TX"
data+analyst,Senior Data Analyst,CTC,"Dallas, TX"
data+analyst,Forecasting Analyst,King's Hawaiian,"Georgia, United States"
data+analyst,Data Analyst,Insight Global,"Downers Grove, IL"
data+analyst,Data Analyst,Zynga,"Austin, TX"
data+analyst,Junior Data Analyst,Brooksource,"Columbus, Ohio Metropolitan Area"
data+analyst,Data Analyst II,Pride Global,"Austin, TX"
data+analyst,Data Analyst I,Honeywell,"Phoenix, AZ"
data+analyst,Staff Data Analyst,Qualcomm,"Austin, TX"
data+analyst,Data Analyst,iStaff,"Tallassee, AL"
data+analyst,"Data Analyst, Growth - San Francisco",Plaud,"San Francisco, CA"
data+analyst,Data Analyst,Infinite Computer Solutions,"Colorado, United States"
data+analyst,Data Analyst,Vevo,"New York, NY"
data+analyst,Data Analyst Intern,ALO,"Beverly Hills, CA"
data+analyst,Data Analyst,Brooksource,"Atlanta, GA"
data+analyst,Data Analyst,Jiffy.com,"Irvine, CA"
data+analyst,Data Annotator,Mercor,United States
data+analyst,Process Data Analyst,Legend Biotech,"Raritan, NJ"
data+analyst,Data Analyst,Konrad,"New York, United States"
data+analyst,Data Visualization Analyst,OpenAI,"San Francisco, CA"
data+analyst,Data Analyst,Jiffy.com,"Dallas, TX"
data+analyst,Business Data Analyst,City of Indianapolis,"Indianapolis, IN"
data+analyst,"Data Analyst, Customer Experience Analytics",Uber,"New York, NY"
data+analyst,Data Analyst,OncoHealth,United States
data+analyst,Data Analyst Intern,Family Tree Farms,"Reedley, CA"
data+analyst,Data Analyst,Jiffy.com,"Miami, FL"
data+analyst,Data Analyst,Pentangle Tech Services | P5 Group,"Miami, FL"
data+analyst,Data Analyst Intern,ALO,"Beverly Hills, CA"
data+analyst,Data Analyst,Pentangle Tech Services | P5 Group,"Tampa, FL"
data+analyst,Data Analyst II,Microsoft,"Redmond, WA"
data+analyst,Data Analyst,InterEx Group,United States
data+analyst,Data Analyst,WorkGenius Group,"San Mateo, CA"
data+analyst,Data Analyst I,Acorns,United States
data+analyst,Data Analyst,LF Driscoll,"Bala-Cynwyd, PA"
data+analyst,Data Analyst,Stifel Financial Corp.,"St Louis, MO"
data+analyst,Data Analyst (SQL),New York Technology Partners,Los Angeles Metropolitan Area
data+analyst,Data Analyst,FanDuel,"New York, NY"
data+analyst,Data Analyst (Excel),Tential Solutions,"Burbank, CA"
data+analyst,Data Analyst,Agility Partners,"Columbus, Ohio Metropolitan Area"
data+analyst,Data Analyst,Emonics LLC,"Seattle, WA"
data+analyst,Data Analyst,Emonics LLC,"Washington, DC"
data+analyst,Data Analyst,New York Technology Partners,"El Segundo, CA"
data+analyst,Data Analyst,The Barcode Group,"Minneapolis, MN"
data+analyst,Data Quality Analyst,Netflix,"Los Angeles, CA"
data+analyst,"Data Analyst, Production Finance Operations & Innovation",Netflix,"Los Angeles, CA"
data+analyst,"Data Analyst, Lending",Chime,"San Francisco, CA"
data+analyst,Data Analyst I,Sierra Nevada Brewing Co.,United States
data+analyst,Data Analyst - On-site,Intertek,"Kentwood, MI"
data+analyst,Data Analyst,Teleion,Greater Seattle Area
data+analyst,Data Analyst,JE Dunn Construction,"Kansas City, MO"
data+analyst,Data Analyst (Junior),Amivero,"Washington, DC"
data+analyst,Data Analyst-No Remote,Jobot,"Los Angeles, CA"
data+analyst,Data Analyst,Webologix Ltd/ INC,United States
data+analyst,"Data Analyst II, Legal",ONE Gas,"Tulsa, OK"
data+analyst,Data Analyst,Realtor.com,"Austin, TX"
data+analyst,Data Analyst,Jiffy.com,"San Francisco, CA"
data+analyst,Associate Data Analyst,LatentView Analytics,"San Jose, CA"
data+analyst,Data Analyst,NYU Langone Health,"New York, NY"
data+analyst,BI Data Analyst,Joint Commission,"Oak Brook, IL"
data+analyst,"Analyst, Data Science",Toyota North America,"Plano, TX"
data+analyst,Data Analyst,ExxonMobil,"Houston, TX"
data+analyst,Senior Data Analyst,CTC,"Dallas, TX"
data+analyst,Forecasting Analyst,King's Hawaiian,"Georgia, United States"
data+analyst,Data Analyst,Insight Global,"Downers Grove, IL"
data+analyst,Data Analyst,Zynga,"Austin, TX"
data+analyst,Junior Data Analyst,Brooksource,"Columbus, Ohio Metropolitan Area"
data+analyst,Data Analyst II,Pride Global,"Austin, TX"
data+analyst,Data Analyst I,Honeywell,"Phoenix, AZ"
data+analyst,Staff Data Analyst,Qualcomm,"Austin, TX"
data+analyst,Data Analyst,iStaff,"Tallassee, AL"
data+analyst,"Data Analyst, Growth - San Francisco",Plaud,"San Francisco, CA"
data+analyst,Data Analyst,Infinite Computer Solutions,"Colorado, United States"
data+analyst,Data Analyst,Vevo,"New York, NY"
data+analyst,Data Analyst Intern,ALO,"Beverly Hills, CA"
data+analyst,Data Analyst,Brooksource,"Atlanta, GA"
data+analyst,Data Analyst,Jiffy.com,"Irvine, CA"
data+analyst,Data Annotator,Mercor,United States
data+analyst,Process Data Analyst,Legend Biotech,"Raritan, NJ"
data+analyst,Data Analyst,Konrad,"New York, United States"
data+analyst,Data Visualization Analyst,OpenAI,"San Francisco, CA"
data+analyst,Data Analyst,Jiffy.com,"Dallas, TX"
data+analyst,Business Data Analyst,City of Indianapolis,"Indianapolis, IN"
data+analyst,"Data Analyst, Customer Experience Analytics",Uber,"New York, NY"
data+analyst,Data Analyst,OncoHealth,United States
data+analyst,Data Analyst Intern,Family Tree Farms,"Reedley, CA"
data+analyst,Data Analyst,Jiffy.com,"Miami, FL"
data+analyst,Data Analyst,Pentangle Tech Services | P5 Group,"Miami, FL"
data+analyst,Data Analyst Intern,ALO,"Beverly Hills, CA"
data+analyst,Data Analyst,Pentangle Tech Services | P5 Group,"Tampa, FL"
data+analyst,Data Analyst II,Microsoft,"Redmond, WA"
data+analyst,Data Analyst,InterEx Group,United States
data+analyst,Data Analyst,WorkGenius Group,"San Mateo, CA"
data+analyst,Data Analyst I,Acorns,United States
data+analyst,Data Analyst,LF Driscoll,"Bala-Cynwyd, PA"
data+analyst,Data Analyst (SQL),New York Technology Partners,Los Angeles Metropolitan Area
data+analyst,Data Analyst,FanDuel,"New York, NY"
data+analyst,Data Analyst,Agility Partners,"Columbus, Ohio Metropolitan Area"
data+analyst,Data Analyst,Emonics LLC,"Seattle, WA"
data+analyst,Data Analyst,Emonics LLC,"Washington, DC"
data+analyst,Data Analyst,New York Technology Partners,"El Segundo, CA"
data+analyst,Data Analyst,The Barcode Group,"Minneapolis, MN"
data+analyst,Data Quality Analyst,Netflix,"Los Angeles, CA"
data+analyst,"Data Analyst, Production Finance Operations & Innovation",Netflix,"Los Angeles, CA"
data+analyst,"Data Analyst, Lending",Chime,"San Francisco, CA"
data+analyst,Data Analyst I,Sierra Nevada Brewing Co.,United States
data+analyst,Data Analyst - On-site,Intertek,"Kentwood, MI"
data+analyst,Data Analyst,Teleion,Greater Seattle Area
data+analyst,Data Analyst,FanDuel,"Jersey City, NJ"
data+analyst,Data Analyst,JE Dunn Construction,"Kansas City, MO"
data+analyst,Data Analyst (Junior),Amivero,"Washington, DC"
data+analyst,Data Analyst-No Remote,Jobot,"Los Angeles, CA"
data+analyst,Data Analyst,Webologix Ltd/ INC,United States
data+analyst,"Data Analyst II, Legal",ONE Gas,"Tulsa, OK"
data+analyst,Data Analyst,Realtor.com,"Austin, TX"
data+analyst,Data Analyst,Jiffy.com,"San Francisco, CA"
data+analyst,Associate Data Analyst,LatentView Analytics,"San Jose, CA"
data+analyst,BI Data Analyst,Joint Commission,"Oak Brook, IL"
data+analyst,"Analyst, Data Science",Toyota North America,"Plano, TX"
data+analyst,Data Analyst,Entrega,"Troy, MI"
data+analyst,Data Analyst,ExxonMobil,"Houston, TX"
data+analyst,Senior Data Analyst,CTC,"Dallas, TX"
data+analyst,Forecasting Analyst,King's Hawaiian,"Georgia, United States"
data+analyst,Data Analyst,Insight Global,"Downers Grove, IL"
data+analyst,Data Analyst,Zynga,"Austin, TX"
data+analyst,Junior Data Analyst,Brooksource,"Columbus, Ohio Metropolitan Area"
data+analyst,Data Analyst I,Honeywell,"Phoenix, AZ"
data+analyst,Staff Data Analyst,Qualcomm,"Austin, TX"
data+analyst,Data Analyst,iStaff,"Tallassee, AL"
data+analyst,"Data Analyst, Growth - San Francisco",Plaud,"San Francisco, CA"
data+analyst,Data Analyst,Infinite Computer Solutions,"Colorado, United States"
data+analyst,Data Analyst,Vevo,"New York, NY"
data+analyst,Data Analyst Intern,ALO,"Beverly Hills, CA"
data+analyst,Data Analyst,Brooksource,"Atlanta, GA"
data+analyst,Data Analyst,Jiffy.com,"Irvine, CA"
data+analyst,Data Annotator,Mercor,United States
data+analyst,Data Analyst,Konrad,"New York, United States"
data+analyst,Data Visualization Analyst,OpenAI,"San Francisco, CA"
data+analyst,Data Analyst,Jiffy.com,"Dallas, TX"
data+analyst,Business Data Analyst,City of Indianapolis,"Indianapolis, IN"
data+analyst,"Data Analyst, Customer Experience Analytics",Uber,"New York, NY"
data+analyst,Data Analyst,OncoHealth,United States
data+analyst,Data Analyst Intern,Family Tree Farms,"Reedley, CA"
data+analyst,Data Analyst,Jiffy.com,"Miami, FL"
data+analyst,Data Analyst,Pentangle Tech Services | P5 Group,"Miami, FL"
data+analyst,Data Analyst Intern,ALO,"Beverly Hills, CA"
data+analyst,Data Analyst,Pentangle Tech Services | P5 Group,"Tampa, FL"
data+analyst,Data Analyst II,Microsoft,"Redmond, WA"
data+analyst,Data Analyst,InterEx Group,United States
data+analyst,Data Analyst,WorkGenius Group,"San Mateo, CA"
data+analyst,Data Analyst,Stifel Financial Corp.,"St Louis, MO"
data+analyst,Data Analyst (Oracle PL/SQL),Fullsteam,United States
data+analyst,DATA ANALYST I,Sierra Nevada Brewing Co.,Greater Chico Area
business+analyst,Business Analyst - Operations Analytics,Rover.com,Greater Seattle Area
business+analyst,Business Operations Analyst,allwhere,"New York, NY"
business+analyst,"Business Analyst, Monetization",TikTok,"San Jose, CA"
business+analyst,Business Analyst - McKinsey Digital,McKinsey & Company,"New Jersey, United States"
business+analyst,Senior Business Analyst,Corner Alliance,"Washington, DC"
business+analyst,Business Analyst,Amazon,"Seattle, WA"
business+analyst,Business Analyst - McKinsey Transformation,McKinsey & Company,"New York, NY"
business+analyst,"Business Analyst, Business Integrity",TikTok,"San Jose, CA"
business+analyst,Business Analyst,CRG,"Charlotte, NC"
business+analyst,Business Analyst,WD,"San Jose, CA"
business+analyst,Business Analyst - Operations,McKinsey & Company,"Chicago, IL"
business+analyst,IB Management Business Analyst,Jefferies,New York City Metropolitan Area
business+analyst,Business Analyst,Amazon,"Austin, TX"
business+analyst,Business Analyst,Saragossa,New York City Metropolitan Area
business+analyst,Staff Business Analyst,Sony Interactive Entertainment,"San Mateo, CA"
business+analyst,Business Analyst,The AES Group,"Manhattan, NY"
business+analyst,Business Analyst,INSPYR Solutions,"Pensacola, FL"
business+analyst,Senior Business Operations Analyst,Verse,"San Francisco, CA"
business+analyst,Business Operations Analyst,DataVisor,"Mountain View, CA"
business+analyst,Business Analyst,Anatta - Shopify Platinum Partner,"Charleston, SC"
business+analyst,Business Analyst - II,"Seneca Resources Company, LLC","Richmond, VA"
business+analyst,Project Manager/ Business Analyst (On-site & Full-Time),Kyra Solutions,"Tallahassee, FL"
business+analyst,Senior Business Analyst,Quantam,"Lansing, MI"
business+analyst,"Business Analyst II, Financial Planning & Analysis, Shopbop",Shopbop,"New York, United States"
business+analyst,Business Analyst,G2O,"Columbus, Ohio Metropolitan Area"
business+analyst,Business Analyst,MANN+HUMMEL,"Gastonia, NC"
business+analyst,Business Analyst,Koia,United States
business+analyst,Business Analyst Specialist,Macy's,New York City Metropolitan Area
business+analyst,Business Analyst,Media Lab Books,"New York, NY"
business+analyst,Business Analyst (Starlink Growth),SpaceX,"Hawthorne, CA"
business+analyst,Business Operations Analyst,Baselayer,United States
business+analyst,Senior Business Analyst,AppWorks,"Atlanta, GA"
business+analyst,Senior Business Analyst,AGM Tech Solutions - A Woman and Latina-owned IT Staffing Firm-an Inc. 5000 company,"Alpharetta, GA"
business+analyst,Business Analyst,CGS Federal (Contact Government Services),United States
business+analyst,Business Analyst,SynapOne,"New Jersey, United States"
business+analyst,Business Analyst,Webologix Ltd/ INC,United States
business+analyst,"Business Analyst, Omnichannel - Remote",Harbor Freight Tools,"Calabasas, CA"
business+analyst,Business Analyst,Elligint Health,"Edison, NJ"
business+analyst,Business Analyst,Kforce Inc,"Miami, FL"
business+analyst,Business Analyst,Alpha Omega,"Arlington, VA"
business+analyst,Business Control Analyst,FanDuel,"New York, NY"
business+analyst,Business Analyst,Calpion Inc.,"Dallas, TX"
business+analyst,Business Analyst,Lumen Solutions Group Inc.,"Columbia, SC"
business+analyst,Business Analyst,CGS Federal (Contact Government Services),United States
business+analyst,Business Analyst,CareerUS Solutions,United States
business+analyst,Business Analyst (W2),Snowrelic Inc,"Stamford, CT"
business+analyst,Senior Business Analyst,Celerity,"Walnut Creek, CA"
business+analyst,AI Business Analyst,Howden,United States
business+analyst,Business Analyst,NXT LLC,"Maryland, United States"
business+analyst,Business Analyst,CGS Federal (Contact Government Services),United States
business+analyst,Business Analyst,Grace Healthcare Services,"Edison, NJ"
business+analyst,Business Analyst,Clarus Group,"Washington, DC"
business+analyst,Fenergo Business Analyst (W2 ONLY),Wise Skulls,United States
business+analyst,Business Analyst,CGS Federal (Contact Government Services),United States
business+analyst,Business Analyst,Fractal,"New York, United States"
business+analyst,Business Analyst,CGS Federal (Contact Government Services),"New York, NY"
business+analyst,Business Analyst,"The Dignify Solutions, LLC","New York, NY"
business+analyst,Business Analyst,CGS Federal (Contact Government Services),United States
business+analyst,Business Analyst,"ALTA IT Services, LLC","McLean, VA"
business+analyst,Business Analyst,CGS Federal (Contact Government Services),United States
business+analyst,Business Analyst - Operations Analytics,Rover.com,Greater Seattle Area
business+analyst,Business Operations Analyst,allwhere,"New York, NY"
business+analyst,"Business Analyst, Monetization",TikTok,"San Jose, CA"
business+analyst,Business Analyst - McKinsey Digital,McKinsey & Company,"New Jersey, United States"
business+analyst,Senior Business Analyst,Corner Alliance,"Washington, DC"
business+analyst,Business Analyst,Amazon,"Seattle, WA"
business+analyst,Business Analyst - McKinsey Transformation,McKinsey & Company,"New York, NY"
business+analyst,"Business Analyst, Business Integrity",TikTok,"San Jose, CA"
business+analyst,Business Analyst,CRG,"Charlotte, NC"
business+analyst,Business Analyst,WD,"San Jose, CA"
business+analyst,Business Analyst - Operations,McKinsey & Company,"Chicago, IL"
business+analyst,IB Management Business Analyst,Jefferies,New York City Metropolitan Area
business+analyst,Business Analyst,Amazon,"Austin, TX"
business+analyst,Business Analyst,Saragossa,New York City Metropolitan Area
business+analyst,Staff Business Analyst,Sony Interactive Entertainment,"San Mateo, CA"
business+analyst,Business Analyst,The AES Group,"Manhattan, NY"
business+analyst,Business Analyst,INSPYR Solutions,"Pensacola, FL"
business+analyst,Senior Business Operations Analyst,Verse,"San Francisco, CA"
business+analyst,Business Operations Analyst,DataVisor,"Mountain View, CA"
business+analyst,Business Analyst,Anatta - Shopify Platinum Partner,"Charleston, SC"
business+analyst,Business Analyst - II,"Seneca Resources Company, LLC","Richmond, VA"
business+analyst,Project Manager/ Business Analyst (On-site & Full-Time),Kyra Solutions,"Tallahassee, FL"
business+analyst,Senior Business Analyst,Quantam,"Lansing, MI"
business+analyst,"Business Analyst II, Financial Planning & Analysis, Shopbop",Shopbop,"New York, United States"
business+analyst,Business Analyst,G2O,"Columbus, Ohio Metropolitan Area"
business+analyst,Business Analyst,MANN+HUMMEL,"Gastonia, NC"
business+analyst,Business Analyst,Koia,United States
business+analyst,Business Analyst Specialist,Macy's,New York City Metropolitan Area
business+analyst,Business Analyst,Media Lab Books,"New York, NY"
business+analyst,Business Analyst (Starlink Growth),SpaceX,"Hawthorne, CA"
business+analyst,Business Operations Analyst,Baselayer,United States
business+analyst,Senior Business Analyst,AppWorks,"Atlanta, GA"
business+analyst,Senior Business Analyst,AGM Tech Solutions - A Woman and Latina-owned IT Staffing Firm-an Inc. 5000 company,"Alpharetta, GA"
business+analyst,Business Analyst,CGS Federal (Contact Government Services),United States
business+analyst,Business Analyst,SynapOne,"New Jersey, United States"
business+analyst,Business Analyst,Webologix Ltd/ INC,United States
business+analyst,"Business Analyst, Omnichannel - Remote",Harbor Freight Tools,"Calabasas, CA"
business+analyst,Business Analyst,Elligint Health,"Edison, NJ"
business+analyst,Business Analyst,Kforce Inc,"Miami, FL"
business+analyst,Business Analyst,Alpha Omega,"Arlington, VA"
business+analyst,Business Control Analyst,FanDuel,"New York, NY"
business+analyst,Business Analyst,Calpion Inc.,"Dallas, TX"
business+analyst,Business Analyst,Lumen Solutions Group Inc.,"Columbia, SC"
business+analyst,Business Analyst,CGS Federal (Contact Government Services),United States
business+analyst,Business Analyst,CareerUS Solutions,United States
business+analyst,Business Analyst (W2),Snowrelic Inc,"Stamford, CT"
business+analyst,Senior Business Analyst,Celerity,"Walnut Creek, CA"
business+analyst,AI Business Analyst,Howden,United States
business+analyst,Business Analyst,NXT LLC,"Maryland, United States"
business+analyst,Business Analyst,CGS Federal (Contact Government Services),United States
business+analyst,Business Analyst,Grace Healthcare Services,"Edison, NJ"
business+analyst,Business Analyst,Clarus Group,"Washington, DC"
business+analyst,Fenergo Business Analyst (W2 ONLY),Wise Skulls,United States
business+analyst,Business Analyst,CGS Federal (Contact Government Services),United States
business+analyst,Business Analyst,Fractal,"New York, United States"
business+analyst,Business Analyst,CGS Federal (Contact Government Services),"New York, NY"
business+analyst,Business Analyst,"The Dignify Solutions, LLC","New York, NY"
business+analyst,Business Analyst,CGS Federal (Contact Government Services),United States
business+analyst,Business Analyst,"ALTA IT Services, LLC","McLean, VA"
business+analyst,Business Analyst,CGS Federal (Contact Government Services),United States
business+analyst,Business Analyst - Operations Analytics,Rover.com,Greater Seattle Area
business+analyst,Business Operations Analyst,allwhere,"New York, NY"
business+analyst,"Business Analyst, Monetization",TikTok,"San Jose, CA"
business+analyst,Business Analyst - McKinsey Digital,McKinsey & Company,"New Jersey, United States"
business+analyst,Senior Business Analyst,Corner Alliance,"Washington, DC"
business+analyst,Business Analyst,Amazon,"Seattle, WA"
business+analyst,Business Analyst - McKinsey Transformation,McKinsey & Company,"New York, NY"
business+analyst,"Business Analyst, Business Integrity",TikTok,"San Jose, CA"
business+analyst,Business Analyst,CRG,"Charlotte, NC"
business+analyst,Business Analyst,WD,"San Jose, CA"
business+analyst,Business Analyst - Operations,McKinsey & Company,"Chicago, IL"
business+analyst,IB Management Business Analyst,Jefferies,New York City Metropolitan Area
business+analyst,Business Analyst,Amazon,"Austin, TX"
business+analyst,Business Analyst,Saragossa,New York City Metropolitan Area
business+analyst,Staff Business Analyst,Sony Interactive Entertainment,"San Mateo, CA"
business+analyst,Business Analyst,The AES Group,"Manhattan, NY"
business+analyst,Business Analyst,INSPYR Solutions,"Pensacola, FL"
business+analyst,Senior Business Operations Analyst,Verse,"San Francisco, CA"
business+analyst,Business Operations Analyst,DataVisor,"Mountain View, CA"
business+analyst,Business Analyst,Anatta - Shopify Platinum Partner,"Charleston, SC"
business+analyst,Business Analyst - II,"Seneca Resources Company, LLC","Richmond, VA"
business+analyst,Project Manager/ Business Analyst (On-site & Full-Time),Kyra Solutions,"Tallahassee, FL"
business+analyst,Senior Business Analyst,Quantam,"Lansing, MI"
business+analyst,"Business Analyst II, Financial Planning & Analysis, Shopbop",Shopbop,"New York, United States"
business+analyst,Business Analyst,G2O,"Columbus, Ohio Metropolitan Area"
business+analyst,Business Analyst,MANN+HUMMEL,"Gastonia, NC"
business+analyst,Business Analyst,Koia,United States
business+analyst,Business Analyst Specialist,Macy's,New York City Metropolitan Area
business+analyst,Business Analyst,Media Lab Books,"New York, NY"
business+analyst,Business Analyst (Starlink Growth),SpaceX,"Hawthorne, CA"
business+analyst,Business Operations Analyst,Baselayer,United States
business+analyst,Senior Business Analyst,AppWorks,"Atlanta, GA"
business+analyst,Senior Business Analyst,AGM Tech Solutions - A Woman and Latina-owned IT Staffing Firm-an Inc. 5000 company,"Alpharetta, GA"
business+analyst,Business Analyst,CGS Federal (Contact Government Services),United States
business+analyst,Business Analyst,SynapOne,"New Jersey, United States"
business+analyst,Business Analyst,Webologix Ltd/ INC,United States
business+analyst,"Business Analyst, Omnichannel - Remote",Harbor Freight Tools,"Calabasas, CA"
business+analyst,Business Analyst,Elligint Health,"Edison, NJ"
business+analyst,Business Analyst,Kforce Inc,"Miami, FL"
business+analyst,Business Analyst,Alpha Omega,"Arlington, VA"
business+analyst,Business Control Analyst,FanDuel,"New York, NY"
business+analyst,Business Analyst,Calpion Inc.,"Dallas, TX"
business+analyst,Business Analyst,Lumen Solutions Group Inc.,"Columbia, SC"
business+analyst,Business Analyst,CGS Federal (Contact Government Services),United States
business+analyst,Business Analyst,CareerUS Solutions,United States
business+analyst,Business Analyst (W2),Snowrelic Inc,"Stamford, CT"
business+analyst,Senior Business Analyst,Celerity,"Walnut Creek, CA"
business+analyst,AI Business Analyst,Howden,United States
business+analyst,Business Analyst,NXT LLC,"Maryland, United States"
business+analyst,Business Analyst,CGS Federal (Contact Government Services),United States
business+analyst,Business Analyst,Grace Healthcare Services,"Edison, NJ"
business+analyst,Business Analyst,Clarus Group,"Washington, DC"
business+analyst,Fenergo Business Analyst (W2 ONLY),Wise Skulls,United States
business+analyst,Business Analyst,CGS Federal (Contact Government Services),United States
business+analyst,Business Analyst,Fractal,"New York, United States"
business+analyst,Business Analyst,CGS Federal (Contact Government Services),"New York, NY"
business+analyst,Business Analyst,"The Dignify Solutions, LLC","New York, NY"
business+analyst,Business Analyst,CGS Federal (Contact Government Services),United States
business+analyst,Business Analyst,"ALTA IT Services, LLC","McLean, VA"
business+analyst,Business Analyst,CGS Federal (Contact Government Services),United States
business+analyst,Business Analyst - Operations Analytics,Rover.com,Greater Seattle Area
business+analyst,Business Operations Analyst,allwhere,"New York, NY"
business+analyst,"Business Analyst, Monetization",TikTok,"San Jose, CA"
business+analyst,Business Analyst - McKinsey Digital,McKinsey & Company,"New Jersey, United States"
business+analyst,Senior Business Analyst,Corner Alliance,"Washington, DC"
business+analyst,Business Analyst,Amazon,"Seattle, WA"
business+analyst,Business Analyst - McKinsey Transformation,McKinsey & Company,"New York, NY"
business+analyst,"Business Analyst, Business Integrity",TikTok,"San Jose, CA"
business+analyst,Business Analyst,WD,"San Jose, CA"
business+analyst,Business Analyst - Operations,McKinsey & Company,"Chicago, IL"
business+analyst,IB Management Business Analyst,Jefferies,New York City Metropolitan Area
business+analyst,Business Analyst,Amazon,"Austin, TX"
business+analyst,Business Analyst,Saragossa,New York City Metropolitan Area
business+analyst,Staff Business Analyst,Sony Interactive Entertainment,"San Mateo, CA"
business+analyst,Business Analyst,INSPYR Solutions,"Pensacola, FL"
business+analyst,Senior Business Operations Analyst,Verse,"San Francisco, CA"
business+analyst,Business Operations Analyst,DataVisor,"Mountain View, CA"
business+analyst,Business Analyst,Anatta - Shopify Platinum Partner,"Charleston, SC"
business+analyst,Business Analyst - II,"Seneca Resources Company, LLC","Richmond, VA"
business+analyst,Project Manager/ Business Analyst (On-site & Full-Time),Kyra Solutions,"Tallahassee, FL"
business+analyst,Senior Business Analyst,Quantam,"Lansing, MI"
business+analyst,"Business Analyst II, Financial Planning & Analysis, Shopbop",Shopbop,"New York, United States"
business+analyst,Business Analyst,G2O,"Columbus, Ohio Metropolitan Area"
business+analyst,Business Analyst,MANN+HUMMEL,"Gastonia, NC"
business+analyst,Business Analyst,Koia,United States
business+analyst,Business Analyst Specialist,Macy's,New York City Metropolitan Area
business+analyst,Business Analyst,Media Lab Books,"New York, NY"
business+analyst,Business Analyst (Starlink Growth),SpaceX,"Hawthorne, CA"
business+analyst,Business Operations Analyst,Baselayer,United States
business+analyst,Senior Business Analyst,AppWorks,"Atlanta, GA"
business+analyst,Senior Business Analyst,AGM Tech Solutions - A Woman and Latina-owned IT Staffing Firm-an Inc. 5000 company,"Alpharetta, GA"
business+analyst,Business Analyst,CGS Federal (Contact Government Services),United States
business+analyst,Business Analyst,SynapOne,"New Jersey, United States"
business+analyst,Business Analyst,Webologix Ltd/ INC,United States
business+analyst,"Business Analyst, Omnichannel - Remote",Harbor Freight Tools,"Calabasas, CA"
business+analyst,AI Business Analyst,Howden,United States
business+analyst,Business Analyst,Elligint Health,"Edison, NJ"
business+analyst,Business Analyst,Alpha Omega,"Arlington, VA"
business+analyst,Business Analyst,Kforce Inc,"Miami, FL"
business+analyst,Business Control Analyst,FanDuel,"New York, NY"
business+analyst,Business Analyst,Calpion Inc.,"Dallas, TX"
business+analyst,Business Analyst,Lumen Solutions Group Inc.,"Columbia, SC"
business+analyst,Business Analyst,CGS Federal (Contact Government Services),United States
business+analyst,Business Analyst,CareerUS Solutions,United States
business+analyst,Business Analyst (W2),Snowrelic Inc,"Stamford, CT"
business+analyst,Senior Business Analyst,Celerity,"Walnut Creek, CA"
business+analyst,Business Analyst,NXT LLC,"Maryland, United States"
business+analyst,Business Analyst,CGS Federal (Contact Government Services),United States
business+analyst,Business Analyst,Grace Healthcare Services,"Edison, NJ"
business+analyst,Business Analyst,Clarus Group,"Washington, DC"
business+analyst,Fenergo Business Analyst (W2 ONLY),Wise Skulls,United States
business+analyst,Business Analyst,CGS Federal (Contact Government Services),United States
business+analyst,Business Analyst,Fractal,"New York, United States"
business+analyst,Business Analyst,CGS Federal (Contact Government Services),"New York, NY"
business+analyst,Business Analyst,"The Dignify Solutions, LLC","New York, NY"
business+analyst,Business Analyst,CGS Federal (Contact Government Services),United States
business+analyst,Business Analyst,"ALTA IT Services, LLC","McLean, VA"
business+analyst,Business Analyst,CGS Federal (Contact Government Services),United States
business+analyst,Business Analyst,CGS Federal (Contact Government Services),"Austin, TX"
business+analyst,Business Analyst,Solomon Page,"San Francisco, CA"
business+intelligence+engineer,Data Engineer (L5),Netflix,United States
business+intelligence+engineer,Business Intelligence Analyst/Developer,MedReview Inc.,"New York, NY"
business+intelligence+engineer,Data Engineer (L5) - Messaging,Netflix,United States
business+intelligence+engineer,Business Intelligence Engineer I – Reporting & Data Visualization,IntePros,"Bellevue, WA"
business+intelligence+engineer,Data Engineer (Python/Spark),Take-Two Interactive,"Austin, TX"
business+intelligence+engineer,Data Engineer (L5) - Ads,Netflix,United States
business+intelligence+engineer,Business Intelligence Developer,Enzo Tech Group,"Ohio, United States"
business+intelligence+engineer,Data Engineer,City of Oxnard,"Oxnard, CA"
business+intelligence+engineer,Business Intelligence Engineer,WorkGenius Group,"San Mateo, CA"
business+intelligence+engineer,"Data Engineer, BI",Vitamix,"Olmsted, OH"
business+intelligence+engineer,Business Intelligence Developer,Valleywise Health,United States
business+intelligence+engineer,Business Intelligence Engineer II,IntePros,"Seattle, WA"
business+intelligence+engineer,Business Intelligence Developer,Prosum,Los Angeles Metropolitan Area
business+intelligence+engineer,Business Intelligence Developer,AllSTEM Connections,"Indianapolis, IN"
business+intelligence+engineer,Data and Systems Analyst & BI Developer,City of Saint Paul,"Minneapolis–Saint Paul, WI"
business+intelligence+engineer,"BI (Business Intelligence) Developer or Data Engineer with .Net_Des Moines, IA_Only on W2",Chelsoft Solutions Co.,"Des Moines, IA"
business+intelligence+engineer,Business Intelligence (BI) Developer,The Trevor Project,United States
business+intelligence+engineer,"Data Engineer, Analytics",Discord,San Francisco Bay Area
business+intelligence+engineer,"Business Intelligence Developer - (Tableau,Thoughtspot,SQL)",AssistRx,United States
business+intelligence+engineer,Senior Business Intelligence Developer,eNGINE,Greater Pittsburgh Region
business+intelligence+engineer,Business Intelligence Developer,STX Beef Company,United States
business+intelligence+engineer,Business Intelligence (BI) Analyst,Fusemachines,"New York, NY"
business+intelligence+engineer,Business Intelligence (BI) Developer,Industrial Electric Mfg. (IEM),United States
business+intelligence+engineer,Business Intelligence Engineer,SolomonEdwards,"Dallas, TX"
business+intelligence+engineer,"Business Intelligence Developer - (Tableau,Thoughtspot,SQL)",AssistRx,"Orlando, FL"
business+intelligence+engineer,Data Engineer,Apple,"Sunnyvale, CA"
business+intelligence+engineer,Business Intelligence Developer,System One,United States
business+intelligence+engineer,Data Engineer (L4) - Revenue Growth,Netflix,"Los Gatos, CA"
business+intelligence+engineer,Software Engineer - Data,Authentic,"New York, NY"
business+intelligence+engineer,Business Intelligence Developer,Advantage Technical,"Tennessee, United States"
business+intelligence+engineer,Business Intelligence Developer,Philadelphia Gas Works,"Philadelphia, PA"
business+intelligence+engineer,"Data Engineer, Product Analytics",Meta,"New York, NY"
business+intelligence+engineer,Data Warehouse & Business Intelligence Developer,Baird & Warner,"Chicago, IL"
business+intelligence+engineer,Data Engineer/(Python Developer),Tech-Nique Partners,"Aventura, FL"
business+intelligence+engineer,Business Intelligence Developer,Insight Global,"Detroit, MI"
business+intelligence+engineer,Senior Business Intelligence Engineer,Tebra,United States
business+intelligence+engineer,Senior Business Intelligence Developer,Seek,United States
business+intelligence+engineer,AI Analytics and Visualization Engineer,NVIDIA,"Texas, United States"
business+intelligence+engineer,Software Engineer - Early Career (Backend/Data),Apple,"Austin, TX"
business+intelligence+engineer,AI Analytics and Visualization Engineer,NVIDIA,"Oregon, United States"
business+intelligence+engineer,"Data Engineer, Go-To-Market",Notion,"San Francisco, CA"
business+intelligence+engineer,Business Intelligence Developer,Addison Group,"Dallas, TX"
business+intelligence+engineer,Business Intelligence Engineer,The Intersect Group,"Dallas, TX"
business+intelligence+engineer,Business Intelligence Developer,Gemini Solutions Pvt Ltd,United States
business+intelligence+engineer,Business Intelligence Developer,The Judge Group,Greater Chicago Area
business+intelligence+engineer,"Business Intelligence Engineer, Amazon Key",Ring,"Bellevue, WA"
business+intelligence+engineer,Business Intelligence Developer,The Judge Group,"Chicago, IL"
business+intelligence+engineer,Machine Learning Engineer - Strategic Data Solutions,Apple,"Austin, TX"
business+intelligence+engineer,AI Analytics and Visualization Engineer,NVIDIA,"Arizona, United States"
business+intelligence+engineer,BI Engineer,Evergreen Market,"Renton, WA"
business+intelligence+engineer,Business Intelligence Developer,Insight Global,Greater Minneapolis-St. Paul Area
business+intelligence+engineer,Business Intelligence Engineer III,IntePros,"Sunnyvale, CA"
business+intelligence+engineer,Business Intelligence Engineer,L2R Consulting,"Atlanta, GA"
business+intelligence+engineer,Business Intelligence Developer,KellyMitchell Group,"Alpharetta, GA"
business+intelligence+engineer,Business Intelligence Developer (Qlik) - All Levels,Silverthorne Advisory Group,"Scott AFB, IL"
business+intelligence+engineer,Software Engineer - Data,Apple,"Sunnyvale, CA"
business+intelligence+engineer,Business Intelligence Engineer,Brooksource,United States
business+intelligence+engineer,"Senior Business Intelligence Engineer, IT Business Intelligence, Full Time, Days",Jackson Health System,"Miami, FL"
business+intelligence+engineer,Data Engineer - New Grad,Oracle,"Redwood City, CA"
business+intelligence+engineer,Senior BI Engineer,sweetgreen,"Los Angeles, CA"
business+intelligence+engineer,Data Engineer (L5),Netflix,United States
business+intelligence+engineer,"Data Engineer, BI",Vitamix,"Olmsted, OH"
business+intelligence+engineer,Business Intelligence Analyst/Developer,MedReview Inc.,"New York, NY"
business+intelligence+engineer,Data Engineer (L5) - Messaging,Netflix,United States
business+intelligence+engineer,Business Intelligence Engineer I – Reporting & Data Visualization,IntePros,"Bellevue, WA"
business+intelligence+engineer,Data Engineer (Python/Spark),Take-Two Interactive,"Austin, TX"
business+intelligence+engineer,Data Engineer (L5) - Ads,Netflix,United States
business+intelligence+engineer,Business Intelligence Developer,Enzo Tech Group,"Ohio, United States"
business+intelligence+engineer,Data Engineer,City of Oxnard,"Oxnard, CA"
business+intelligence+engineer,Business Intelligence Engineer,WorkGenius Group,"San Mateo, CA"
business+intelligence+engineer,Business Intelligence Developer,Valleywise Health,United States
business+intelligence+engineer,Business Intelligence Engineer II,IntePros,"Seattle, WA"
business+intelligence+engineer,Business Intelligence Developer,Prosum,Los Angeles Metropolitan Area
business+intelligence+engineer,Business Intelligence Developer,AllSTEM Connections,"Indianapolis, IN"
business+intelligence+engineer,Data and Systems Analyst & BI Developer,City of Saint Paul,"Minneapolis–Saint Paul, WI"
business+intelligence+engineer,"BI (Business Intelligence) Developer or Data Engineer with .Net_Des Moines, IA_Only on W2",Chelsoft Solutions Co.,"Des Moines, IA"
business+intelligence+engineer,Business Intelligence (BI) Developer,The Trevor Project,United States
business+intelligence+engineer,"Data Engineer, Analytics",Discord,San Francisco Bay Area
business+intelligence+engineer,"Business Intelligence Developer - (Tableau,Thoughtspot,SQL)",AssistRx,United States
business+intelligence+engineer,Senior Business Intelligence Developer,eNGINE,Greater Pittsburgh Region
business+intelligence+engineer,Business Intelligence Developer,STX Beef Company,United States
business+intelligence+engineer,Business Intelligence (BI) Analyst,Fusemachines,"New York, NY"
business+intelligence+engineer,Business Intelligence (BI) Developer,Industrial Electric Mfg. (IEM),United States
business+intelligence+engineer,Business Intelligence Engineer,SolomonEdwards,"Dallas, TX"
business+intelligence+engineer,"Business Intelligence Developer - (Tableau,Thoughtspot,SQL)",AssistRx,"Orlando, FL"
business+intelligence+engineer,Data Engineer,Apple,"Sunnyvale, CA"
business+intelligence+engineer,Business Intelligence Developer,System One,United States
business+intelligence+engineer,Business Intelligence Engineer,Kforce Inc,"Seattle, WA"
business+intelligence+engineer,Software Engineer - Data,Authentic,"New York, NY"
business+intelligence+engineer,Business Intelligence Developer,Advantage Technical,"Tennessee, United States"
business+intelligence+engineer,Business Intelligence Developer,Philadelphia Gas Works,"Philadelphia, PA"
business+intelligence+engineer,"Data Engineer, Product Analytics",Meta,"New York, NY"
business+intelligence+engineer,Data Warehouse & Business Intelligence Developer,Baird & Warner,"Chicago, IL"
business+intelligence+engineer,Data Engineer/(Python Developer),Tech-Nique Partners,"Aventura, FL"
business+intelligence+engineer,Data Engineer (L4) - Revenue Growth,Netflix,"Los Gatos, CA"
business+intelligence+engineer,Business Intelligence Developer,Insight Global,"Detroit, MI"
business+intelligence+engineer,Business Intelligence Engineer,Kforce Inc,"Seattle, WA"
business+intelligence+engineer,Senior Business Intelligence Engineer,Tebra,United States
business+intelligence+engineer,Senior Business Intelligence Developer,Seek,United States
business+intelligence+engineer,AI Analytics and Visualization Engineer,NVIDIA,"Texas, United States"
business+intelligence+engineer,Software Engineer - Early Career (Backend/Data),Apple,"Austin, TX"
business+intelligence+engineer,AI Analytics and Visualization Engineer,NVIDIA,"Oregon, United States"
business+intelligence+engineer,"Data Engineer, Go-To-Market",Notion,"San Francisco, CA"
business+intelligence+engineer,Business Intelligence Developer,Addison Group,"Dallas, TX"
business+intelligence+engineer,Business Intelligence Engineer,The Intersect Group,"Dallas, TX"
business+intelligence+engineer,Business Intelligence Developer,Gemini Solutions Pvt Ltd,United States
business+intelligence+engineer,Business Intelligence Developer,The Judge Group,Greater Chicago Area
business+intelligence+engineer,"Business Intelligence Engineer, Amazon Key",Ring,"Bellevue, WA"
business+intelligence+engineer,Business Intelligence Developer,The Judge Group,"Chicago, IL"
business+intelligence+engineer,Machine Learning Engineer - Strategic Data Solutions,Apple,"Austin, TX"
business+intelligence+engineer,AI Analytics and Visualization Engineer,NVIDIA,"Arizona, United States"
business+intelligence+engineer,BI Engineer,Evergreen Market,"Renton, WA"
business+intelligence+engineer,Business Intelligence Developer,Insight Global,Greater Minneapolis-St. Paul Area
business+intelligence+engineer,Business Intelligence Engineer III,IntePros,"Sunnyvale, CA"
business+intelligence+engineer,Business Intelligence Engineer,L2R Consulting,"Atlanta, GA"
business+intelligence+engineer,Business Intelligence Developer,KellyMitchell Group,"Alpharetta, GA"
business+intelligence+engineer,Business Intelligence Developer (Qlik) - All Levels,Silverthorne Advisory Group,"Scott AFB, IL"
business+intelligence+engineer,Software Engineer - Data,Apple,"Sunnyvale, CA"
business+intelligence+engineer,Business Intelligence Engineer,Brooksource,United States
business+intelligence+engineer,"Senior Business Intelligence Engineer, IT Business Intelligence, Full Time, Days",Jackson Health System,"Miami, FL"
business+intelligence+engineer,Data Engineer (L5),Netflix,United States
business+intelligence+engineer,"Data Engineer, BI",Vitamix,"Olmsted, OH"
business+intelligence+engineer,Business Intelligence Analyst/Developer,MedReview Inc.,"New York, NY"
business+intelligence+engineer,Data Engineer (L5) - Messaging,Netflix,United States
business+intelligence+engineer,Business Intelligence Engineer I – Reporting & Data Visualization,IntePros,"Bellevue, WA"
business+intelligence+engineer,Data Engineer (Python/Spark),Take-Two Interactive,"Austin, TX"
business+intelligence+engineer,Data Engineer (L5) - Ads,Netflix,United States
business+intelligence+engineer,Business Intelligence Developer,Enzo Tech Group,"Ohio, United States"
business+intelligence+engineer,Data Engineer,City of Oxnard,"Oxnard, CA"
business+intelligence+engineer,Business Intelligence Engineer,WorkGenius Group,"San Mateo, CA"
business+intelligence+engineer,Business Intelligence Developer,Valleywise Health,United States
business+intelligence+engineer,Business Intelligence Engineer II,IntePros,"Seattle, WA"
business+intelligence+engineer,Business Intelligence Developer,Prosum,Los Angeles Metropolitan Area
business+intelligence+engineer,Business Intelligence Developer,AllSTEM Connections,"Indianapolis, IN"
business+intelligence+engineer,Data and Systems Analyst & BI Developer,City of Saint Paul,"Minneapolis–Saint Paul, WI"
business+intelligence+engineer,"BI (Business Intelligence) Developer or Data Engineer with .Net_Des Moines, IA_Only on W2",Chelsoft Solutions Co.,"Des Moines, IA"
business+intelligence+engineer,Business Intelligence (BI) Developer,The Trevor Project,United States
business+intelligence+engineer,"Data Engineer, Analytics",Discord,San Francisco Bay Area
business+intelligence+engineer,"Business Intelligence Developer - (Tableau,Thoughtspot,SQL)",AssistRx,United States
business+intelligence+engineer,Senior Business Intelligence Developer,eNGINE,Greater Pittsburgh Region
business+intelligence+engineer,Business Intelligence Developer,STX Beef Company,United States
business+intelligence+engineer,Business Intelligence (BI) Analyst,Fusemachines,"New York, NY"
business+intelligence+engineer,Business Intelligence (BI) Developer,Industrial Electric Mfg. (IEM),United States
business+intelligence+engineer,Business Intelligence Engineer,SolomonEdwards,"Dallas, TX"
business+intelligence+engineer,"Business Intelligence Developer - (Tableau,Thoughtspot,SQL)",AssistRx,"Orlando, FL"
business+intelligence+engineer,Data Engineer,Apple,"Sunnyvale, CA"
business+intelligence+engineer,Business Intelligence Developer,System One,United States
business+intelligence+engineer,Software Engineer - Data,Authentic,"New York, NY"
business+intelligence+engineer,Business Intelligence Developer,Advantage Technical,"Tennessee, United States"
business+intelligence+engineer,Business Intelligence Developer,Philadelphia Gas Works,"Philadelphia, PA"
business+intelligence+engineer,"Data Engineer, Product Analytics",Meta,"New York, NY"
business+intelligence+engineer,Data Warehouse & Business Intelligence Developer,Baird & Warner,"Chicago, IL"
business+intelligence+engineer,Data Engineer/(Python Developer),Tech-Nique Partners,"Aventura, FL"
business+intelligence+engineer,Data Engineer (L4) - Revenue Growth,Netflix,"Los Gatos, CA"
business+intelligence+engineer,Business Intelligence Developer,Insight Global,"Detroit, MI"
business+intelligence+engineer,Senior Business Intelligence Engineer,Tebra,United States
business+intelligence+engineer,Senior Business Intelligence Developer,Seek,United States
business+intelligence+engineer,AI Analytics and Visualization Engineer,NVIDIA,"Texas, United States"
business+intelligence+engineer,Data Engineer,Shamrock Trading Corporation,"Overland Park, KS"
business+intelligence+engineer,Software Engineer - Early Career (Backend/Data),Apple,"Austin, TX"
business+intelligence+engineer,AI Analytics and Visualization Engineer,NVIDIA,"Oregon, United States"
business+intelligence+engineer,"Data Engineer, Go-To-Market",Notion,"San Francisco, CA"
business+intelligence+engineer,Business Intelligence Developer,Addison Group,"Dallas, TX"
business+intelligence+engineer,Business Intelligence Engineer,The Intersect Group,"Dallas, TX"
business+intelligence+engineer,Business Intelligence Developer,Gemini Solutions Pvt Ltd,United States
business+intelligence+engineer,Business Intelligence Developer,The Judge Group,Greater Chicago Area
business+intelligence+engineer,Business Intelligence Developer,The Judge Group,"Chicago, IL"
business+intelligence+engineer,Machine Learning Engineer - Strategic Data Solutions,Apple,"Austin, TX"
business+intelligence+engineer,AI Analytics and Visualization Engineer,NVIDIA,"Arizona, United States"
business+intelligence+engineer,BI Engineer,Evergreen Market,"Renton, WA"
business+intelligence+engineer,Business Intelligence Developer,Insight Global,Greater Minneapolis-St. Paul Area
business+intelligence+engineer,Business Intelligence Engineer III,IntePros,"Sunnyvale, CA"
business+intelligence+engineer,Business Intelligence Engineer,L2R Consulting,"Atlanta, GA"
business+intelligence+engineer,Business Intelligence Developer,KellyMitchell Group,"Alpharetta, GA"
business+intelligence+engineer,Business Intelligence Developer (Qlik) - All Levels,Silverthorne Advisory Group,"Scott AFB, IL"
business+intelligence+engineer,Software Engineer - Data,Apple,"Sunnyvale, CA"
business+intelligence+engineer,Business Intelligence Engineer,Brooksource,United States
business+intelligence+engineer,BI Engineer,Kforce Inc,"St Louis, MO"
business+intelligence+engineer,"Senior Business Intelligence Engineer, IT Business Intelligence, Full Time, Days",Jackson Health System,"Miami, FL"
business+intelligence+engineer,Data Engineer - New Grad,Oracle,"Redwood City, CA"
business+intelligence+engineer,Data Engineer (L5),Netflix,United States
business+intelligence+engineer,Business Intelligence Analyst/Developer,MedReview Inc.,"New York, NY"
business+intelligence+engineer,Data Engineer (L5) - Messaging,Netflix,United States
business+intelligence+engineer,Business Intelligence Engineer I – Reporting & Data Visualization,IntePros,"Bellevue, WA"
business+intelligence+engineer,Data Engineer (Python/Spark),Take-Two Interactive,"Austin, TX"
business+intelligence+engineer,Data Engineer (L5) - Ads,Netflix,United States
business+intelligence+engineer,Business Intelligence Developer,Enzo Tech Group,"Ohio, United States"
business+intelligence+engineer,Data Engineer,City of Oxnard,"Oxnard, CA"
business+intelligence+engineer,Business Intelligence Engineer,WorkGenius Group,"San Mateo, CA"
business+intelligence+engineer,"Data Engineer, BI",Vitamix,"Olmsted, OH"
business+intelligence+engineer,Business Intelligence Developer,Valleywise Health,United States
business+intelligence+engineer,Business Intelligence Engineer II,IntePros,"Seattle, WA"
business+intelligence+engineer,Business Intelligence Developer,Prosum,Los Angeles Metropolitan Area
business+intelligence+engineer,Business Intelligence Developer,AllSTEM Connections,"Indianapolis, IN"
business+intelligence+engineer,Data and Systems Analyst & BI Developer,City of Saint Paul,"Minneapolis–Saint Paul, WI"
business+intelligence+engineer,"BI (Business Intelligence) Developer or Data Engineer with .Net_Des Moines, IA_Only on W2",Chelsoft Solutions Co.,"Des Moines, IA"
business+intelligence+engineer,Business Intelligence (BI) Developer,The Trevor Project,United States
business+intelligence+engineer,"Data Engineer, Analytics",Discord,San Francisco Bay Area
business+intelligence+engineer,"Business Intelligence Developer - (Tableau,Thoughtspot,SQL)",AssistRx,United States
business+intelligence+engineer,Senior Business Intelligence Developer,eNGINE,Greater Pittsburgh Region
business+intelligence+engineer,Business Intelligence Developer,STX Beef Company,United States
business+intelligence+engineer,Business Intelligence (BI) Analyst,Fusemachines,"New York, NY"
business+intelligence+engineer,Business Intelligence (BI) Developer,Industrial Electric Mfg. (IEM),United States
business+intelligence+engineer,Business Intelligence Engineer,SolomonEdwards,"Dallas, TX"
business+intelligence+engineer,"Business Intelligence Developer - (Tableau,Thoughtspot,SQL)",AssistRx,"Orlando, FL"
business+intelligence+engineer,Data Engineer,Apple,"Sunnyvale, CA"
business+intelligence+engineer,Business Intelligence Developer,System One,United States
business+intelligence+engineer,Data Engineer (L4) - Revenue Growth,Netflix,"Los Gatos, CA"
business+intelligence+engineer,Software Engineer - Data,Authentic,"New York, NY"
business+intelligence+engineer,Business Intelligence Developer,Advantage Technical,"Tennessee, United States"
business+intelligence+engineer,Business Intelligence Developer,Philadelphia Gas Works,"Philadelphia, PA"
business+intelligence+engineer,"Data Engineer, Product Analytics",Meta,"New York, NY"
business+intelligence+engineer,Data Warehouse & Business Intelligence Developer,Baird & Warner,"Chicago, IL"
business+intelligence+engineer,Data Engineer/(Python Developer),Tech-Nique Partners,"Aventura, FL"
business+intelligence+engineer,Business Intelligence Developer,Insight Global,"Detroit, MI"
business+intelligence+engineer,Senior Business Intelligence Engineer,Tebra,United States
business+intelligence+engineer,Senior Business Intelligence Developer,Seek,United States
business+intelligence+engineer,AI Analytics and Visualization Engineer,NVIDIA,"Texas, United States"
business+intelligence+engineer,Software Engineer - Early Career (Backend/Data),Apple,"Austin, TX"
business+intelligence+engineer,AI Analytics and Visualization Engineer,NVIDIA,"Oregon, United States"
business+intelligence+engineer,"Data Engineer, Go-To-Market",Notion,"San Francisco, CA"
business+intelligence+engineer,Business Intelligence Developer,Addison Group,"Dallas, TX"
business+intelligence+engineer,Business Intelligence Engineer,The Intersect Group,"Dallas, TX"
business+intelligence+engineer,Business Intelligence Developer,Gemini Solutions Pvt Ltd,United States
business+intelligence+engineer,Business Intelligence Developer,The Judge Group,Greater Chicago Area
business+intelligence+engineer,"Business Intelligence Engineer, Amazon Key",Ring,"Bellevue, WA"
business+intelligence+engineer,Business Intelligence Developer,The Judge Group,"Chicago, IL"
business+intelligence+engineer,Machine Learning Engineer - Strategic Data Solutions,Apple,"Austin, TX"
business+intelligence+engineer,AI Analytics and Visualization Engineer,NVIDIA,"Arizona, United States"
business+intelligence+engineer,BI Engineer,Evergreen Market,"Renton, WA"
business+intelligence+engineer,Business Intelligence Developer,Insight Global,Greater Minneapolis-St. Paul Area
business+intelligence+engineer,Business Intelligence Engineer III,IntePros,"Sunnyvale, CA"
business+intelligence+engineer,Business Intelligence Engineer,L2R Consulting,"Atlanta, GA"
business+intelligence+engineer,Business Intelligence Developer,KellyMitchell Group,"Alpharetta, GA"
business+intelligence+engineer,Business Intelligence Developer (Qlik) - All Levels,Silverthorne Advisory Group,"Scott AFB, IL"
business+intelligence+engineer,Software Engineer - Data,Apple,"Sunnyvale, CA"
business+intelligence+engineer,Business Intelligence Engineer,Brooksource,United States
business+intelligence+engineer,"Senior Business Intelligence Engineer, IT Business Intelligence, Full Time, Days",Jackson Health System,"Miami, FL"
business+intelligence+engineer,Data Engineer - New Grad,Oracle,"Redwood City, CA"
business+intelligence+engineer,Senior BI Engineer,sweetgreen,"Los Angeles, CA"
