group,group_value,sentiment,count,share
overall,all,positive,2162,0.6243141784579844
overall,all,neutral,916,0.26451053999422464
overall,all,negative,385,0.11117528154779094
subreddit,MBA,negative,63,0.0875
subreddit,MBA,neutral,131,0.18194444444444444
subreddit,MBA,positive,526,0.7305555555555555
subreddit,cscareerquestions,negative,119,0.09296875
subreddit,cscareerquestions,neutral,341,0.26640625
subreddit,cscareerquestions,positive,820,0.640625
subreddit,jobs,negative,203,0.13875598086124402
subreddit,jobs,neutral,444,0.303485987696514
subreddit,jobs,positive,816,0.557758031442242
keyword,ghosted,negative,50,0.15384615384615385
keyword,ghosted,neutral,105,0.3230769230769231
keyword,ghosted,positive,170,0.5230769230769231
keyword,hiring freeze,negative,18,0.15517241379310345
keyword,hiring freeze,neutral,43,0.3706896551724138
keyword,hiring freeze,positive,55,0.47413793103448276
keyword,job search,negative,59,0.10746812386156648
keyword,job search,neutral,145,0.2641165755919854
keyword,job search,positive,345,0.6284153005464481
keyword,laid off,negative,53,0.12100456621004566
keyword,laid off,neutral,123,0.2808219178082192
keyword,laid off,positive,262,0.5981735159817352
keyword,no response,negative,40,0.07722007722007722
keyword,no response,neutral,127,0.24517374517374518
keyword,no response,positive,351,0.6776061776061776
keyword,offer,negative,44,0.07407407407407407
keyword,offer,neutral,131,0.22053872053872053
keyword,offer,positive,419,0.7053872053872053
keyword,rejected,negative,68,0.12056737588652482
keyword,rejected,neutral,146,0.25886524822695034
keyword,rejected,positive,350,0.6205673758865248
keyword,unemployment,negative,53,0.14763231197771587
keyword,unemployment,neutral,96,0.26740947075208915
keyword,unemployment,positive,210,0.584958217270195
